{
    "Testing Log": {
        "Expected Average Hard Revenue": 1.4640243828107433,
        "Expected Average Soft Revenue": 1.1743422942682569,
        "Expected Average Penalized Revenue": 0.9371609898161852,
        "Time": 5390.855416536331
    }
}
