{
    "Testing Log": {
        "Expected Average Hard Revenue": 1.9526404957569579,
        "Expected Average Soft Revenue": 1.0907440151947305,
        "Expected Average Penalized Revenue": 0.7790126962819324,
        "Time": 6129.454802274704
    }
}
