{
    "Testing Log": {
        "Expected Average Hard Revenue": 1.7946388915090343,
        "Expected Average Soft Revenue": 1.0747728816386126,
        "Expected Average Penalized Revenue": 3.108071034383707,
        "Time": 146.87100315093994
    }
}
