{
    "Testing Log": {
        "Expected Average Hard Revenue": 1.9196027534251336,
        "Expected Average Soft Revenue": 1.0960954221273242,
        "Expected Average Penalized Revenue": 0.777194404054273,
        "Time": 964.2393870353699
    }
}
