{
    "Testing Log": {
        "Expected Average Hard Revenue": 1.7946388915090343,
        "Expected Average Soft Revenue": 1.0747728816386126,
        "Expected Average Penalized Revenue": 0.7537033033804397,
        "Time": 143.58689141273499
    }
}
