{
    "Testing Log": {
        "Expected Average Hard Revenue": 1.9354010875209668,
        "Expected Average Soft Revenue": 1.092472451444002,
        "Expected Average Penalized Revenue": 0.7857053828578543,
        "Time": 333.62568044662476
    }
}
