{
    "Testing Log": {
        "Expected Average Hard Revenue": 1.9354010875209668,
        "Expected Average Soft Revenue": 1.092472451444002,
        "Expected Average Penalized Revenue": 3.372858244754649,
        "Time": 197.2981584072113
    }
}
