{
    "Testing Log": {
        "Expected Average Hard Revenue": 1.976568239577213,
        "Expected Average Soft Revenue": 1.0888387003006101,
        "Expected Average Penalized Revenue": 0.7994546003058879,
        "Time": 1093.3167395591736
    }
}
