{
    "Traning Log": {
        "Fold 0": {
            "Train": {
                "Negative Log Likelihood": 0.5006516224722826,
                "Accuracy": 0.9166071428571428
            },
            "Valid": {
                "Negative Log Likelihood": 0.5283962371209875,
                "Accuracy": 0.8746428571428572
            }
        },
        "Fold 1": {
            "Train": {
                "Negative Log Likelihood": 0.46724795677220404,
                "Accuracy": 0.928125
            },
            "Valid": {
                "Negative Log Likelihood": 0.5070464368084627,
                "Accuracy": 0.8767857142857143
            }
        },
        "Fold 2": {
            "Train": {
                "Negative Log Likelihood": 0.4870019007183363,
                "Accuracy": 0.9088392857142857
            },
            "Valid": {
                "Negative Log Likelihood": 0.522482848106741,
                "Accuracy": 0.8710714285714286
            }
        },
        "Fold 3": {
            "Train": {
                "Negative Log Likelihood": 0.49223637072768134,
                "Accuracy": 0.9166071428571428
            },
            "Valid": {
                "Negative Log Likelihood": 0.5237113999345704,
                "Accuracy": 0.8667857142857143
            }
        },
        "Fold 4": {
            "Train": {
                "Negative Log Likelihood": 0.46221179704506377,
                "Accuracy": 0.9366071428571429
            },
            "Valid": {
                "Negative Log Likelihood": 0.5198527147911138,
                "Accuracy": 0.8682142857142857
            }
        },
        "Time": 1024.60023021698
    }
}
