{
    "Testing Log": {
        "Expected Average Hard Revenue": 0.2745471367809441,
        "Expected Average Soft Revenue": 1.6962370581945074,
        "Expected Average Penalized Revenue": 0.8750349465805776,
        "Time": 1179.3839838504791
    }
}
