{
    "Testing Log": {
        "Expected Average Hard Revenue": 1.2734023656649345,
        "Expected Average Soft Revenue": 1.096509410438775,
        "Expected Average Penalized Revenue": 3.7271902400363888,
        "Time": 234.70604586601257
    }
}
