{
    "Testing Log": {
        "Expected Average Hard Revenue": 1.2734023656649345,
        "Expected Average Soft Revenue": 1.096509410438775,
        "Expected Average Penalized Revenue": 0.7897560193579137,
        "Time": 208.91735529899597
    }
}
