{
    "Testing Log": {
        "Expected Average Hard Revenue": 1.08387831305601,
        "Expected Average Soft Revenue": 1.1786575576697296,
        "Expected Average Penalized Revenue": 0.9170800219391073,
        "Time": 867.7786087989807
    }
}
