{
    "Testing Log": {
        "Expected Average Hard Revenue": 0.5101853541995268,
        "Expected Average Soft Revenue": 0.4947199968695075,
        "Expected Average Penalized Revenue": 26.066293669136286,
        "Time": 377.30887269973755
    }
}
