{
    "Testing Log": {
        "Expected Average Hard Revenue": 1.5188171959375045,
        "Expected Average Soft Revenue": 1.1639237434625282,
        "Expected Average Penalized Revenue": 0.9011681370965007,
        "Time": 1757.1364071369171
    }
}
