{
    "Testing Log": {
        "Expected Average Hard Revenue": 1.5188171959375045,
        "Expected Average Soft Revenue": 1.1639237434625282,
        "Expected Average Penalized Revenue": 4.836355838446335,
        "Time": 171.36383366584778
    }
}
