{
    "Testing Log": {
        "Expected Average Hard Revenue": 1.5190556890117517,
        "Expected Average Soft Revenue": 1.1913633129912686,
        "Expected Average Penalized Revenue": 0.9494118782879788,
        "Time": 715.3310210704803
    }
}
