{
    "Testing Log": {
        "Expected Average Hard Revenue": 1.4210686177547653,
        "Expected Average Soft Revenue": 1.1356532540344104,
        "Expected Average Penalized Revenue": 0.8648066661304759,
        "Time": 143.28828477859497
    }
}
