{
    "Testing Log": {
        "Expected Average Hard Revenue": 1.4694375799481867,
        "Expected Average Soft Revenue": 1.167783263205348,
        "Expected Average Penalized Revenue": 0.9183213857701015,
        "Time": 766.9917962551117
    }
}
