{
    "Testing Log": {
        "Expected Average Hard Revenue": 1.4210686177547653,
        "Expected Average Soft Revenue": 1.1356532540344104,
        "Expected Average Penalized Revenue": 4.553734740343066,
        "Time": 151.94455742835999
    }
}
