{
    "Testing Log": {
        "Expected Average Hard Revenue": 1.7526136926676903,
        "Expected Average Soft Revenue": 1.0467052095262996,
        "Expected Average Penalized Revenue": 0.7975305654396516,
        "Time": 204.9931616783142
    }
}
