{
    "Testing Log": {
        "Expected Average Hard Revenue": 1.7526136926676903,
        "Expected Average Soft Revenue": 1.0467052095262996,
        "Expected Average Penalized Revenue": 4.720875622330205,
        "Time": 210.05254483222961
    }
}
