{
    "Testing Log": {
        "Expected Average Hard Revenue": 1.8152597258142316,
        "Expected Average Soft Revenue": 1.0504540817195376,
        "Expected Average Penalized Revenue": 0.77498446917378,
        "Time": 845.2281746864319
    }
}
