{
    "Testing Log": {
        "Expected Average Hard Revenue": 1.0984772523116715,
        "Expected Average Soft Revenue": 1.1136107663503105,
        "Expected Average Penalized Revenue": 0.9966854937328257,
        "Time": 782.8376998901367
    }
}
