{
    "Testing Log": {
        "Expected Average Hard Revenue": 1.1187787505896207,
        "Expected Average Soft Revenue": 1.0836733905153397,
        "Expected Average Penalized Revenue": 0.9521705170468122,
        "Time": 140.69690823554993
    }
}
