{
    "Testing Log": {
        "Expected Average Hard Revenue": 0.7299194792545348,
        "Expected Average Soft Revenue": 0.6637809955508361,
        "Expected Average Penalized Revenue": 27.722841731518386,
        "Time": 153.90279984474182
    }
}
