{
    "Testing Log": {
        "Expected Average Hard Revenue": 1.2635742556874876,
        "Expected Average Soft Revenue": 1.133975956324654,
        "Expected Average Penalized Revenue": 0.9891725814108651,
        "Time": 9902.715400457382
    }
}
