{
    "Testing Log": {
        "Expected Average Hard Revenue": 0.7733103454319138,
        "Expected Average Soft Revenue": 0.8382470624117215,
        "Expected Average Penalized Revenue": 30.40995408886708,
        "Time": 178.93601036071777
    }
}
