{
    "Testing Log": {
        "Expected Average Hard Revenue": 1.284264172409222,
        "Expected Average Soft Revenue": 1.1638547038381484,
        "Expected Average Penalized Revenue": 1.0227414176578344,
        "Time": 865.3621315956116
    }
}
